{
  "peak_forwarded_pps": 9164324.4,
  "peak_forwarded_gbps": 6.158424614399999,
  "sender_injection_pps": 37121451.52380952,
  "packet_loss_pct": 77.73251574803302,
  "nic_drop_rate_mean": 0.0,
  "nic_drop_rate_peak": 0.0,
  "forwarding_efficiency_pct": 22.26748425196698,
  "throughput_std_dev": 1062163.2921942887
}