{
  "peak_forwarded_pps": 22045793.25,
  "peak_forwarded_gbps": 14.8147598032,
  "sender_injection_pps": 37197141.975,
  "packet_loss_pct": 40.81848278512027,
  "nic_drop_rate_mean": 0.0,
  "nic_drop_rate_peak": 0.0,
  "forwarding_efficiency_pct": 59.18151721487973,
  "throughput_std_dev": 20971.512511008237
}