{
  "peak_forwarded_pps": 12438305.8,
  "peak_forwarded_gbps": 8.3585439552,
  "sender_injection_pps": 37202181.96551724,
  "packet_loss_pct": 66.65148131055051,
  "nic_drop_rate_mean": 0.0,
  "nic_drop_rate_peak": 0.0,
  "forwarding_efficiency_pct": 33.3485186894495,
  "throughput_std_dev": 36345.28844067563
}