{
  "peak_forwarded_pps": 12822029.2,
  "peak_forwarded_gbps": 8.6164048512,
  "sender_injection_pps": 37202439.51470588,
  "packet_loss_pct": 66.05152383025445,
  "nic_drop_rate_mean": 0.0,
  "nic_drop_rate_peak": 0.0,
  "forwarding_efficiency_pct": 33.94847616974555,
  "throughput_std_dev": 130012.58120219556
}