{
  "peak_forwarded_pps": 12431863.7,
  "peak_forwarded_gbps": 8.354219216,
  "sender_injection_pps": 37203162.38095238,
  "packet_loss_pct": 66.66753114451424,
  "nic_drop_rate_mean": 0.0,
  "nic_drop_rate_peak": 0.0,
  "forwarding_efficiency_pct": 33.33246885548575,
  "throughput_std_dev": 57729.06679134128
}