{
  "peak_forwarded_pps": 30908836.0,
  "peak_forwarded_gbps": 20.772004064,
  "sender_injection_pps": 37203221.47619048,
  "packet_loss_pct": 17.43799361639223,
  "nic_drop_rate_mean": 0.0,
  "nic_drop_rate_peak": 0.0,
  "forwarding_efficiency_pct": 82.56200638360777,
  "throughput_std_dev": 170339.2899809936
}