{
  "peak_forwarded_pps": 8373639.0,
  "peak_forwarded_gbps": 5.6270847936,
  "sender_injection_pps": 37201748.137931034,
  "packet_loss_pct": 79.25560364047226,
  "nic_drop_rate_mean": 0.0,
  "nic_drop_rate_peak": 0.0,
  "forwarding_efficiency_pct": 20.74439635952774,
  "throughput_std_dev": 585998.3050771429
}