{
  "peak_forwarded_pps": 21740973.7,
  "peak_forwarded_gbps": 14.6099229344,
  "sender_injection_pps": 37201526.822222225,
  "packet_loss_pct": 41.715591001681084,
  "nic_drop_rate_mean": 0.0,
  "nic_drop_rate_peak": 0.0,
  "forwarding_efficiency_pct": 58.284408998318916,
  "throughput_std_dev": 36870.72385519982
}