{
  "peak_forwarded_pps": 14219611.75,
  "peak_forwarded_gbps": 9.5555761264,
  "sender_injection_pps": 37191822.44,
  "packet_loss_pct": 61.98288592887601,
  "nic_drop_rate_mean": 0.0,
  "nic_drop_rate_peak": 0.0,
  "forwarding_efficiency_pct": 38.01711407112399,
  "throughput_std_dev": 54299.43693194617
}