{
  "peak_forwarded_pps": 13963826.0,
  "peak_forwarded_gbps": 9.3836912768,
  "sender_injection_pps": 37203181.2735849,
  "packet_loss_pct": 72.62051959800718,
  "nic_drop_rate_mean": 0.0,
  "nic_drop_rate_peak": 0.0,
  "forwarding_efficiency_pct": 27.37948040199282,
  "throughput_std_dev": 2183481.556092476
}