{
  "peak_forwarded_pps": 12427628.8,
  "peak_forwarded_gbps": 8.3513641472,
  "sender_injection_pps": 37195281.6779661,
  "packet_loss_pct": 66.66541472181427,
  "nic_drop_rate_mean": 0.0,
  "nic_drop_rate_peak": 0.0,
  "forwarding_efficiency_pct": 33.334585278185735,
  "throughput_std_dev": 352108.987627143
}