{
  "peak_forwarded_pps": 12163646.2,
  "peak_forwarded_gbps": 8.1739757316,
  "sender_injection_pps": 37105886.26086956,
  "packet_loss_pct": 67.52472743159187,
  "nic_drop_rate_mean": 0.0,
  "nic_drop_rate_peak": 0.0,
  "forwarding_efficiency_pct": 32.47527256840813,
  "throughput_std_dev": 68820.30933033006
}