{
  "peak_forwarded_pps": 7797831.25,
  "peak_forwarded_gbps": 5.240142344000001,
  "sender_injection_pps": 37191035.71428572,
  "packet_loss_pct": 81.05884191219828,
  "nic_drop_rate_mean": 0.0,
  "nic_drop_rate_peak": 0.0,
  "forwarding_efficiency_pct": 18.94115808780172,
  "throughput_std_dev": 1093494.6816024913
}