{
  "peak_forwarded_pps": 31111350.35,
  "peak_forwarded_gbps": 20.9068305328,
  "sender_injection_pps": 37203194.425925925,
  "packet_loss_pct": 17.138050077734672,
  "nic_drop_rate_mean": 0.0,
  "nic_drop_rate_peak": 0.0,
  "forwarding_efficiency_pct": 82.86194992226532,
  "throughput_std_dev": 152873.91690927916
}