{
  "peak_forwarded_pps": 22065630.9,
  "peak_forwarded_gbps": 14.8281418896,
  "sender_injection_pps": 37177689.0,
  "packet_loss_pct": 40.7489045066333,
  "nic_drop_rate_mean": 0.0,
  "nic_drop_rate_peak": 0.0,
  "forwarding_efficiency_pct": 59.2510954933667,
  "throughput_std_dev": 21046.60622651498
}