{
  "peak_forwarded_pps": 14787950.95,
  "peak_forwarded_gbps": 9.937513432000001,
  "sender_injection_pps": 37203072.925,
  "packet_loss_pct": 60.39709524998614,
  "nic_drop_rate_mean": 0.0,
  "nic_drop_rate_peak": 0.0,
  "forwarding_efficiency_pct": 39.60290475001386,
  "throughput_std_dev": 43951.063961460306
}