{
  "peak_forwarded_pps": 11827303.35,
  "peak_forwarded_gbps": 7.9479376948,
  "sender_injection_pps": 37201798.25,
  "packet_loss_pct": 68.46366374378997,
  "nic_drop_rate_mean": 0.0,
  "nic_drop_rate_peak": 0.0,
  "forwarding_efficiency_pct": 31.536336256210035,
  "throughput_std_dev": 124232.24475557865
}