{
  "peak_forwarded_pps": 20924623.95,
  "peak_forwarded_gbps": 14.0613471408,
  "sender_injection_pps": 37203151.571428575,
  "packet_loss_pct": 44.22966541911221,
  "nic_drop_rate_mean": 0.0,
  "nic_drop_rate_peak": 0.0,
  "forwarding_efficiency_pct": 55.77033458088779,
  "throughput_std_dev": 172196.49552365314
}