{
  "peak_forwarded_pps": 6773132.0,
  "peak_forwarded_gbps": 4.551544192,
  "sender_injection_pps": 37117445.61904762,
  "packet_loss_pct": 83.05681748223384,
  "nic_drop_rate_mean": 0.0,
  "nic_drop_rate_peak": 0.0,
  "forwarding_efficiency_pct": 16.943182517766157,
  "throughput_std_dev": 714440.277696205
}