{
  "peak_forwarded_pps": 22128348.0,
  "peak_forwarded_gbps": 14.870250112,
  "sender_injection_pps": 37203091.17391305,
  "packet_loss_pct": 40.61050115292741,
  "nic_drop_rate_mean": 0.0,
  "nic_drop_rate_peak": 0.0,
  "forwarding_efficiency_pct": 59.38949884707259,
  "throughput_std_dev": 28815.324276164167
}