{
  "peak_forwarded_pps": 22088723.0,
  "peak_forwarded_gbps": 14.843628512,
  "sender_injection_pps": 37202471.38095238,
  "packet_loss_pct": 40.734895437859564,
  "nic_drop_rate_mean": 0.0,
  "nic_drop_rate_peak": 0.0,
  "forwarding_efficiency_pct": 59.265104562140436,
  "throughput_std_dev": 35846.25564768493
}