{
  "peak_forwarded_pps": 7615160.0,
  "peak_forwarded_gbps": 5.117387008,
  "sender_injection_pps": 37121968.9047619,
  "packet_loss_pct": 80.96287384878318,
  "nic_drop_rate_mean": 0.0,
  "nic_drop_rate_peak": 0.0,
  "forwarding_efficiency_pct": 19.037126151216825,
  "throughput_std_dev": 1518574.5175112651
}