{
  "peak_forwarded_pps": 2.0,
  "peak_forwarded_gbps": 5.784e-06,
  "sender_injection_pps": 37203172.52173913,
  "packet_loss_pct": 99.61261238711971,
  "nic_drop_rate_mean": 0.0,
  "nic_drop_rate_peak": 0.0,
  "forwarding_efficiency_pct": 0.38738761288028783,
  "throughput_std_dev": 832352.5188821795
}