{
  "peak_forwarded_pps": 859556.0,
  "peak_forwarded_gbps": 0.577621712,
  "sender_injection_pps": 37203157.38709678,
  "packet_loss_pct": 97.70947952561615,
  "nic_drop_rate_mean": 0.0,
  "nic_drop_rate_peak": 0.0,
  "forwarding_efficiency_pct": 2.290520474383851,
  "throughput_std_dev": 6002.271413795775
}