{
  "peak_forwarded_pps": 21744490.7,
  "peak_forwarded_gbps": 14.6123049696,
  "sender_injection_pps": 37203101.166666664,
  "packet_loss_pct": 41.63999664020995,
  "nic_drop_rate_mean": 0.0,
  "nic_drop_rate_peak": 0.0,
  "forwarding_efficiency_pct": 58.36000335979005,
  "throughput_std_dev": 27016.640243763504
}