{
  "peak_forwarded_pps": 9749441.4,
  "peak_forwarded_gbps": 6.5516246464000005,
  "sender_injection_pps": 37159256.14285714,
  "packet_loss_pct": 77.37686135623925,
  "nic_drop_rate_mean": 0.0,
  "nic_drop_rate_peak": 0.0,
  "forwarding_efficiency_pct": 22.623138643760758,
  "throughput_std_dev": 1015752.9400681189
}