{
  "peak_forwarded_pps": 12189258.05,
  "peak_forwarded_gbps": 8.191180257600001,
  "sender_injection_pps": 37203043.428571425,
  "packet_loss_pct": 71.45839679752675,
  "nic_drop_rate_mean": 0.0,
  "nic_drop_rate_peak": 0.0,
  "forwarding_efficiency_pct": 28.541603202473258,
  "throughput_std_dev": 1627035.7337009585
}