{
  "peak_forwarded_pps": 22118570.0,
  "peak_forwarded_gbps": 14.8636806528,
  "sender_injection_pps": 37198490.294117644,
  "packet_loss_pct": 40.6681696712523,
  "nic_drop_rate_mean": 0.0,
  "nic_drop_rate_peak": 0.0,
  "forwarding_efficiency_pct": 59.3318303287477,
  "throughput_std_dev": 33505.62643945043
}