{
  "peak_forwarded_pps": 2327555.55,
  "peak_forwarded_gbps": 1.5641178416000001,
  "sender_injection_pps": 37143336.95,
  "packet_loss_pct": 97.36495592434508,
  "nic_drop_rate_mean": 0.0,
  "nic_drop_rate_peak": 0.0,
  "forwarding_efficiency_pct": 2.6350440756549203,
  "throughput_std_dev": 1114394.4381662977
}