{
  "peak_forwarded_pps": 22061746.25,
  "peak_forwarded_gbps": 14.825493992,
  "sender_injection_pps": 37145525.57692308,
  "packet_loss_pct": 40.67715290572057,
  "nic_drop_rate_mean": 0.0,
  "nic_drop_rate_peak": 0.0,
  "forwarding_efficiency_pct": 59.32284709427943,
  "throughput_std_dev": 17266.01726041597
}