{
  "peak_forwarded_pps": 22069553.65,
  "peak_forwarded_gbps": 14.8307417936,
  "sender_injection_pps": 37194982.19444445,
  "packet_loss_pct": 40.70966372412981,
  "nic_drop_rate_mean": 0.0,
  "nic_drop_rate_peak": 0.0,
  "forwarding_efficiency_pct": 59.29033627587019,
  "throughput_std_dev": 20279.66285362252
}