{
  "peak_forwarded_pps": 20337760.8,
  "peak_forwarded_gbps": 13.666979456,
  "sender_injection_pps": 37158173.347826086,
  "packet_loss_pct": 46.27763058052004,
  "nic_drop_rate_mean": 0.0,
  "nic_drop_rate_peak": 0.0,
  "forwarding_efficiency_pct": 53.72236941947996,
  "throughput_std_dev": 382478.2235049587
}