{
  "peak_forwarded_pps": 18352170.2,
  "peak_forwarded_gbps": 12.3326584768,
  "sender_injection_pps": 37203305.166666664,
  "packet_loss_pct": 50.934064706651164,
  "nic_drop_rate_mean": 0.0,
  "nic_drop_rate_peak": 0.0,
  "forwarding_efficiency_pct": 49.065935293348836,
  "throughput_std_dev": 124508.64212290487
}