{
  "peak_forwarded_pps": 12741773.4,
  "peak_forwarded_gbps": 8.5624750728,
  "sender_injection_pps": 37203174.782608695,
  "packet_loss_pct": 65.83666586721561,
  "nic_drop_rate_mean": 0.0,
  "nic_drop_rate_peak": 0.0,
  "forwarding_efficiency_pct": 34.163334132784385,
  "throughput_std_dev": 23371.005786458987
}