{
  "peak_forwarded_pps": 5197059.2,
  "peak_forwarded_gbps": 3.4924242944,
  "sender_injection_pps": 37163705.4117647,
  "packet_loss_pct": 86.41652361448041,
  "nic_drop_rate_mean": 0.0,
  "nic_drop_rate_peak": 0.0,
  "forwarding_efficiency_pct": 13.583476385519592,
  "throughput_std_dev": 139393.50172716088
}