{
  "peak_forwarded_pps": 12580614.3,
  "peak_forwarded_gbps": 8.4541809504,
  "sender_injection_pps": 37183038.03333333,
  "packet_loss_pct": 66.44044217108662,
  "nic_drop_rate_mean": 0.0,
  "nic_drop_rate_peak": 0.0,
  "forwarding_efficiency_pct": 33.559557828913384,
  "throughput_std_dev": 63026.514982428205
}