{
  "peak_forwarded_pps": 22043716.0,
  "peak_forwarded_gbps": 14.81340224,
  "sender_injection_pps": 37203202.951219514,
  "packet_loss_pct": 40.81756025542928,
  "nic_drop_rate_mean": 0.0,
  "nic_drop_rate_peak": 0.0,
  "forwarding_efficiency_pct": 59.18243974457072,
  "throughput_std_dev": 16281.960434941397
}