{
  "peak_forwarded_pps": 898937.0,
  "peak_forwarded_gbps": 0.604085152,
  "sender_injection_pps": 37130274.428571425,
  "packet_loss_pct": 99.30525330099869,
  "nic_drop_rate_mean": 0.0,
  "nic_drop_rate_peak": 0.0,
  "forwarding_efficiency_pct": 0.6947466990013111,
  "throughput_std_dev": 402693.86603037524
}