{
  "peak_forwarded_pps": 6423221.5,
  "peak_forwarded_gbps": 4.316406128,
  "sender_injection_pps": 38401911.90322581,
  "packet_loss_pct": 84.0602697809777,
  "nic_drop_rate_mean": 0.0,
  "nic_drop_rate_peak": 0.0,
  "forwarding_efficiency_pct": 15.939730219022293,
  "throughput_std_dev": 408256.3900877126
}