{
  "peak_forwarded_pps": 11625785.0,
  "peak_forwarded_gbps": 7.812542368,
  "sender_injection_pps": 37194262.682926826,
  "packet_loss_pct": 68.88551971167256,
  "nic_drop_rate_mean": 0.0,
  "nic_drop_rate_peak": 0.0,
  "forwarding_efficiency_pct": 31.114480288327446,
  "throughput_std_dev": 43840.3069937378
}