{
  "peak_forwarded_pps": 5632830.8,
  "peak_forwarded_gbps": 3.7852621952,
  "sender_injection_pps": 37202948.833333336,
  "packet_loss_pct": 86.94087923189582,
  "nic_drop_rate_mean": 0.0,
  "nic_drop_rate_peak": 0.0,
  "forwarding_efficiency_pct": 13.059120768104183,
  "throughput_std_dev": 582570.6905097144
}