{
  "peak_forwarded_pps": 22099437.6,
  "peak_forwarded_gbps": 14.8508264704,
  "sender_injection_pps": 37180511.875,
  "packet_loss_pct": 40.7400919858973,
  "nic_drop_rate_mean": 0.0,
  "nic_drop_rate_peak": 0.0,
  "forwarding_efficiency_pct": 59.2599080141027,
  "throughput_std_dev": 36087.0585872771
}