{
  "peak_forwarded_pps": 33889430.7,
  "peak_forwarded_gbps": 22.7736983008,
  "sender_injection_pps": 37199597.04347826,
  "packet_loss_pct": 8.89851261722179,
  "nic_drop_rate_mean": 1613.5217391304348,
  "nic_drop_rate_peak": 18461.0,
  "forwarding_efficiency_pct": 91.10148738277822,
  "throughput_std_dev": 26.55592949426451
}