{
  "peak_forwarded_pps": 12503630.1,
  "peak_forwarded_gbps": 8.4024311328,
  "sender_injection_pps": 37175576.0,
  "packet_loss_pct": 66.46769079237286,
  "nic_drop_rate_mean": 0.0,
  "nic_drop_rate_peak": 0.0,
  "forwarding_efficiency_pct": 33.53230920762714,
  "throughput_std_dev": 24577.65136239615
}