{
  "peak_forwarded_pps": 12668810.85,
  "peak_forwarded_gbps": 8.513439048,
  "sender_injection_pps": 37202554.291666664,
  "packet_loss_pct": 66.36880723325645,
  "nic_drop_rate_mean": 0.0,
  "nic_drop_rate_peak": 0.0,
  "forwarding_efficiency_pct": 33.63119276674356,
  "throughput_std_dev": 127782.44406246261
}