{
  "peak_forwarded_pps": 21745807.0,
  "peak_forwarded_gbps": 14.6131818944,
  "sender_injection_pps": 37202963.44444445,
  "packet_loss_pct": 41.71089552628004,
  "nic_drop_rate_mean": 0.0,
  "nic_drop_rate_peak": 0.0,
  "forwarding_efficiency_pct": 58.28910447371996,
  "throughput_std_dev": 46955.80179591868
}