{
  "peak_forwarded_pps": 12507606.3,
  "peak_forwarded_gbps": 8.4051120432,
  "sender_injection_pps": 38403196.0,
  "packet_loss_pct": 67.29772803109765,
  "nic_drop_rate_mean": 0.0,
  "nic_drop_rate_peak": 0.0,
  "forwarding_efficiency_pct": 32.702271968902345,
  "throughput_std_dev": 56676.15132001192
}