{
  "peak_forwarded_pps": 12485865.4,
  "peak_forwarded_gbps": 8.3905005248,
  "sender_injection_pps": 37189205.0,
  "packet_loss_pct": 66.62463840670698,
  "nic_drop_rate_mean": 0.0,
  "nic_drop_rate_peak": 0.0,
  "forwarding_efficiency_pct": 33.37536159329302,
  "throughput_std_dev": 50024.24125697964
}