{
  "peak_forwarded_pps": 31874719.0,
  "peak_forwarded_gbps": 21.41980912,
  "sender_injection_pps": 37109959.571428575,
  "packet_loss_pct": 15.696808577261072,
  "nic_drop_rate_mean": 0.0,
  "nic_drop_rate_peak": 0.0,
  "forwarding_efficiency_pct": 84.30319142273893,
  "throughput_std_dev": 1299505.682729519
}