{
  "peak_forwarded_pps": 6348659.6,
  "peak_forwarded_gbps": 4.2662983296,
  "sender_injection_pps": 37202180.666666664,
  "packet_loss_pct": 83.4806308348499,
  "nic_drop_rate_mean": 0.0,
  "nic_drop_rate_peak": 0.0,
  "forwarding_efficiency_pct": 16.519369165150096,
  "throughput_std_dev": 185546.6653546795
}