{
  "peak_forwarded_pps": 7821638.05,
  "peak_forwarded_gbps": 5.256140872,
  "sender_injection_pps": 37201622.76470588,
  "packet_loss_pct": 80.79998156851708,
  "nic_drop_rate_mean": 0.0,
  "nic_drop_rate_peak": 0.0,
  "forwarding_efficiency_pct": 19.20001843148292,
  "throughput_std_dev": 484098.5081017473
}