{
  "peak_forwarded_pps": 22105035.75,
  "peak_forwarded_gbps": 14.854590808,
  "sender_injection_pps": 37203309.34210526,
  "packet_loss_pct": 40.64271404945009,
  "nic_drop_rate_mean": 0.0,
  "nic_drop_rate_peak": 0.0,
  "forwarding_efficiency_pct": 59.35728595054991,
  "throughput_std_dev": 15267.2678717494
}