{
  "peak_forwarded_pps": 22070784.0,
  "peak_forwarded_gbps": 14.83156992,
  "sender_injection_pps": 37175832.875,
  "packet_loss_pct": 40.766364799878076,
  "nic_drop_rate_mean": 0.0,
  "nic_drop_rate_peak": 0.0,
  "forwarding_efficiency_pct": 59.233635200121924,
  "throughput_std_dev": 24572.643442290362
}