{
  "peak_forwarded_pps": 21900225.2,
  "peak_forwarded_gbps": 14.7169599872,
  "sender_injection_pps": 37125559.75,
  "packet_loss_pct": 41.067798622469745,
  "nic_drop_rate_mean": 0.0,
  "nic_drop_rate_peak": 0.0,
  "forwarding_efficiency_pct": 58.932201377530255,
  "throughput_std_dev": 17037.810088017064
}