{
  "peak_forwarded_pps": 12440491.65,
  "peak_forwarded_gbps": 8.360013256,
  "sender_injection_pps": 37199314.82857143,
  "packet_loss_pct": 66.69612650557897,
  "nic_drop_rate_mean": 0.0,
  "nic_drop_rate_peak": 0.0,
  "forwarding_efficiency_pct": 33.303873494421026,
  "throughput_std_dev": 33529.3481094984
}