{
  "peak_forwarded_pps": 12610456.0,
  "peak_forwarded_gbps": 8.4742170112,
  "sender_injection_pps": 37203309.89189189,
  "packet_loss_pct": 66.27761548115069,
  "nic_drop_rate_mean": 0.0,
  "nic_drop_rate_peak": 0.0,
  "forwarding_efficiency_pct": 33.7223845188493,
  "throughput_std_dev": 45194.35918228734
}