{
  "peak_forwarded_pps": 2459214.15,
  "peak_forwarded_gbps": 1.6525915248,
  "sender_injection_pps": 37140602.38095238,
  "packet_loss_pct": 93.67712492415777,
  "nic_drop_rate_mean": 0.0,
  "nic_drop_rate_peak": 0.0,
  "forwarding_efficiency_pct": 6.322875075842232,
  "throughput_std_dev": 49088.39876373541
}