{
  "peak_forwarded_pps": 33117982.799999937,
  "peak_forwarded_gbps": 22.255277427199957,
  "sender_injection_pps": 37161780.2,
  "packet_loss_pct": 18.443969392597516,
  "nic_drop_rate_mean": 0.0,
  "nic_drop_rate_peak": 0.0,
  "forwarding_efficiency_pct": 81.55603060740248,
  "throughput_std_dev": 6725177.931960714
}