{
  "peak_forwarded_pps": 1156380.0,
  "peak_forwarded_gbps": 0.7770865408,
  "sender_injection_pps": 37203171.20930233,
  "packet_loss_pct": 96.90496883770427,
  "nic_drop_rate_mean": 0.0,
  "nic_drop_rate_peak": 0.0,
  "forwarding_efficiency_pct": 3.0950311622957196,
  "throughput_std_dev": 4005.271985614119
}