{
  "peak_forwarded_pps": 4168284.4,
  "peak_forwarded_gbps": 2.8010873216,
  "sender_injection_pps": 35313521.65,
  "packet_loss_pct": 89.24832109531646,
  "nic_drop_rate_mean": 0.0,
  "nic_drop_rate_peak": 0.0,
  "forwarding_efficiency_pct": 10.751678904683551,
  "throughput_std_dev": 1298641.116898376
}