{
  "peak_forwarded_pps": 5245907.35,
  "peak_forwarded_gbps": 3.5252511472,
  "sender_injection_pps": 37202392.217391305,
  "packet_loss_pct": 85.97207718900684,
  "nic_drop_rate_mean": 0.0,
  "nic_drop_rate_peak": 0.0,
  "forwarding_efficiency_pct": 14.027922810993163,
  "throughput_std_dev": 28337.02619372986
}