{
  "peak_forwarded_pps": 22082195.0,
  "peak_forwarded_gbps": 14.839237856,
  "sender_injection_pps": 37185013.95348837,
  "packet_loss_pct": 40.739981508427995,
  "nic_drop_rate_mean": 0.0,
  "nic_drop_rate_peak": 0.0,
  "forwarding_efficiency_pct": 59.260018491572,
  "throughput_std_dev": 36316.62703215589
}