{
  "peak_forwarded_pps": 844533.5,
  "peak_forwarded_gbps": 0.567526768,
  "sender_injection_pps": 37203332.14285714,
  "packet_loss_pct": 97.74160249052476,
  "nic_drop_rate_mean": 0.0,
  "nic_drop_rate_peak": 0.0,
  "forwarding_efficiency_pct": 2.2583975094752424,
  "throughput_std_dev": 2827.6490148341627
}