{
  "peak_forwarded_pps": 21764056.4,
  "peak_forwarded_gbps": 14.6254374432,
  "sender_injection_pps": 37891215.88888889,
  "packet_loss_pct": 41.67890664618473,
  "nic_drop_rate_mean": 0.0,
  "nic_drop_rate_peak": 0.0,
  "forwarding_efficiency_pct": 58.32109335381527,
  "throughput_std_dev": 45238.15179534086
}