{
  "peak_forwarded_pps": 4071239.1999999997,
  "peak_forwarded_gbps": 2.7358745856,
  "sender_injection_pps": 37190838.58064516,
  "packet_loss_pct": 90.07859708531319,
  "nic_drop_rate_mean": 0.0,
  "nic_drop_rate_peak": 0.0,
  "forwarding_efficiency_pct": 9.921402914686812,
  "throughput_std_dev": 441853.954424553
}