{
  "peak_forwarded_pps": 5482269.65,
  "peak_forwarded_gbps": 3.6840854096,
  "sender_injection_pps": 37202625.56,
  "packet_loss_pct": 86.65710855403776,
  "nic_drop_rate_mean": 0.0,
  "nic_drop_rate_peak": 0.0,
  "forwarding_efficiency_pct": 13.34289144596224,
  "throughput_std_dev": 551980.3404434255
}