{
  "peak_forwarded_pps": 908066.6,
  "peak_forwarded_gbps": 0.6102206528,
  "sender_injection_pps": 31993918.8,
  "packet_loss_pct": 97.52324967477401,
  "nic_drop_rate_mean": 0.0,
  "nic_drop_rate_peak": 0.0,
  "forwarding_efficiency_pct": 2.4767503252259937,
  "throughput_std_dev": 417317.3658044918
}