{
  "peak_forwarded_pps": 22088845.7,
  "peak_forwarded_gbps": 14.8437047456,
  "sender_injection_pps": 37203033.5,
  "packet_loss_pct": 40.70317498138161,
  "nic_drop_rate_mean": 0.0,
  "nic_drop_rate_peak": 0.0,
  "forwarding_efficiency_pct": 59.29682501861839,
  "throughput_std_dev": 23192.054484456527
}