{
  "peak_forwarded_pps": 6802691.5,
  "peak_forwarded_gbps": 4.5714101984,
  "sender_injection_pps": 38297412.97058824,
  "packet_loss_pct": 82.69488475226801,
  "nic_drop_rate_mean": 0.0,
  "nic_drop_rate_peak": 0.0,
  "forwarding_efficiency_pct": 17.305115247731987,
  "throughput_std_dev": 222147.40953243125
}