{
  "peak_forwarded_pps": 7121972.2,
  "peak_forwarded_gbps": 4.7859653184,
  "sender_injection_pps": 37203316.96428572,
  "packet_loss_pct": 80.90022544697385,
  "nic_drop_rate_mean": 0.0,
  "nic_drop_rate_peak": 0.0,
  "forwarding_efficiency_pct": 19.099774553026148,
  "throughput_std_dev": 13564.515062430088
}