{
  "peak_forwarded_pps": 22091947.15,
  "peak_forwarded_gbps": 14.8457811888,
  "sender_injection_pps": 37203230.585365854,
  "packet_loss_pct": 40.66891688988279,
  "nic_drop_rate_mean": 0.0,
  "nic_drop_rate_peak": 0.0,
  "forwarding_efficiency_pct": 59.33108311011721,
  "throughput_std_dev": 11195.63641484187
}