{
  "peak_forwarded_pps": 22067448.55,
  "peak_forwarded_gbps": 14.8293142408,
  "sender_injection_pps": 37197326.85714286,
  "packet_loss_pct": 40.799498790239596,
  "nic_drop_rate_mean": 0.0,
  "nic_drop_rate_peak": 0.0,
  "forwarding_efficiency_pct": 59.200501209760404,
  "throughput_std_dev": 30066.4034178932
}