{
  "peak_forwarded_pps": 22062033.8,
  "peak_forwarded_gbps": 14.825692806400001,
  "sender_injection_pps": 37126331.84210526,
  "packet_loss_pct": 40.75208106057025,
  "nic_drop_rate_mean": 0.0,
  "nic_drop_rate_peak": 0.0,
  "forwarding_efficiency_pct": 59.24791893942975,
  "throughput_std_dev": 32047.33525545863
}