{
  "peak_forwarded_pps": 22104130.0,
  "peak_forwarded_gbps": 14.85396328,
  "sender_injection_pps": 37203258.45454545,
  "packet_loss_pct": 40.65225836551343,
  "nic_drop_rate_mean": 0.0,
  "nic_drop_rate_peak": 0.0,
  "forwarding_efficiency_pct": 59.34774163448657,
  "throughput_std_dev": 18676.070583500943
}