{
  "peak_forwarded_pps": 21857590.25,
  "peak_forwarded_gbps": 14.688300648,
  "sender_injection_pps": 37188831.67391305,
  "packet_loss_pct": 41.469904958503754,
  "nic_drop_rate_mean": 0.0,
  "nic_drop_rate_peak": 0.0,
  "forwarding_efficiency_pct": 58.530095041496246,
  "throughput_std_dev": 104350.03780164632
}