{
  "peak_forwarded_pps": 24855652.2,
  "peak_forwarded_gbps": 16.7029980384,
  "sender_injection_pps": 37346716.305019304,
  "packet_loss_pct": 62.00197661798734,
  "nic_drop_rate_mean": 0.0,
  "nic_drop_rate_peak": 0.0,
  "forwarding_efficiency_pct": 37.99802338201266,
  "throughput_std_dev": 7605269.373157341
}