{
  "peak_forwarded_pps": 12473067.0,
  "peak_forwarded_gbps": 8.381902048,
  "sender_injection_pps": 37203181.52830189,
  "packet_loss_pct": 66.85136852313899,
  "nic_drop_rate_mean": 0.0,
  "nic_drop_rate_peak": 0.0,
  "forwarding_efficiency_pct": 33.14863147686101,
  "throughput_std_dev": 104529.23869218856
}